STN---,WBAN,YEAR,MODA,YEARMODA,TEMP,NTEMP,DEWP,NDEWP,SLP,NSLP,STP,NSTP,VISIB,NVISIB,WDSP,NWDSP,MXSPD,GUST,MAX,TMAX,MIN,TMIN,PRCP,TPRCP,SNDP,FRSHTT
419220,99999,2019,101,20190101,69.3,24,55.0,24,9999.9,0,9999.9,0,1.9,24,2.5,24,6.0,999.9,80.6,*,59.0,*,0.0,I,999.9,0
419220,99999,2019,102,20190102,68.2,24,54.4,24,9999.9,0,9999.9,0,2.0,24,2.8,24,8.0,999.9,80.6,*,57.2,*,0.0,I,999.9,0
419220,99999,2019,103,20190103,67.0,24,53.6,24,9999.9,0,9999.9,0,1.9,24,3.6,24,8.0,999.9,78.8,*,57.2,*,0.0,I,999.9,0
419220,99999,2019,104,20190104,64.3,24,50.8,24,9999.9,0,9999.9,0,1.7,24,4.3,24,8.9,999.9,77.0,*,55.4,*,0.0,I,999.9,0
419220,99999,2019,105,20190105,66.1,24,53.4,24,9999.9,0,9999.9,0,1.7,24,2.8,24,8.0,999.9,78.8,*,55.4,*,0.0,I,999.9,0
419220,99999,2019,106,20190106,68.2,24,54.5,24,9999.9,0,9999.9,0,1.7,24,1.8,24,8.0,999.9,80.6,*,57.2,*,0.0,I,999.9,0
419220,99999,2019,107,20190107,70.0,24,55.8,24,9999.9,0,9999.9,0,1.8,24,2.6,24,6.0,999.9,82.4,*,57.2,*,0.0,I,999.9,0
419220,99999,2019,108,20190108,68.2,24,55.2,24,9999.9,0,9999.9,0,1.8,24,4.6,24,9.9,999.9,80.6,*,57.2,*,0.0,I,999.9,0
419220,99999,2019,109,20190109,67.0,24,53.4,24,9999.9,0,9999.9,0,2.1,24,3.7,24,8.0,999.9,78.8,*,57.2,*,0.0,I,999.9,0
419220,99999,2019,110,20190110,66.4,24,53.1,24,9999.9,0,9999.9,0,1.8,24,3.5,24,8.0,999.9,78.8,*,55.4,*,0.0,I,999.9,0
419220,99999,2019,111,20190111,66.9,24,53.3,24,9999.9,0,9999.9,0,1.7,24,2.7,24,7.0,999.9,78.8,*,55.4,*,0.0,I,999.9,0
419220,99999,2019,112,20190112,67.6,24,54.8,24,9999.9,0,9999.9,0,1.7,24,2.7,24,5.1,999.9,80.6,*,57.2,*,0.0,I,999.9,0
419220,99999,2019,113,20190113,69.5,24,56.9,24,9999.9,0,9999.9,0,1.8,24,3.6,24,7.0,999.9,80.6,*,59.0,*,0.0,I,999.9,100000
419220,99999,2019,114,20190114,68.7,24,54.5,24,9999.9,0,9999.9,0,2.0,24,4.2,24,9.9,999.9,80.6,*,59.0,*,0.0,I,999.9,0
419220,99999,2019,115,20190115,67.2,24,53.5,24,9999.9,0,9999.9,0,1.9,24,5.1,24,9.9,999.9,78.8,*,59.0,*,0.0,I,999.9,0
419220,99999,2019,116,20190116,67.1,24,52.5,24,9999.9,0,9999.9,0,2.1,24,4.0,24,9.9,999.9,78.8,*,57.2,*,0.0,I,999.9,0
419220,99999,2019,117,20190117,68.3,24,53.5,24,9999.9,0,9999.9,0,1.9,24,2.3,24,8.0,999.9,80.6,*,59.0,*,0.0,I,999.9,0
419220,99999,2019,118,20190118,68.2,24,56.4,24,9999.9,0,9999.9,0,1.5,24,2.6,24,8.0,999.9,80.6,*,59.0,*,0.0,I,999.9,100000
419220,99999,2019,119,20190119,67.6,24,56.7,24,9999.9,0,9999.9,0,1.3,24,3.4,24,6.0,999.9,77.0,*,59.0,*,0.0,I,999.9,100000
419220,99999,2019,120,20190120,68.8,24,57.8,24,9999.9,0,9999.9,0,1.5,22,2.2,23,8.0,999.9,78.8,*,60.8,*,0.0,I,999.9,0
419220,99999,2019,121,20190121,68.7,24,55.0,24,9999.9,0,9999.9,0,1.9,22,1.7,24,7.0,999.9,78.8,*,59.0,*,0.0,I,999.9,0
419220,99999,2019,122,20190122,69.7,24,54.7,24,9999.9,0,9999.9,0,1.8,24,1.8,24,5.1,999.9,78.8,*,59.0,*,0.0,I,999.9,0
419220,99999,2019,123,20190123,71.0,24,56.2,24,9999.9,0,9999.9,0,1.8,24,1.2,24,6.0,999.9,82.4,*,60.8,*,0.0,I,999.9,0
419220,99999,2019,124,20190124,71.7,24,54.9,24,9999.9,0,9999.9,0,2.1,24,2.7,24,8.9,999.9,82.4,*,60.8,*,0.0,I,999.9,0
419220,99999,2019,125,20190125,72.9,24,54.9,24,9999.9,0,9999.9,0,2.1,24,3.2,24,7.0,999.9,82.4,*,64.4,*,0.0,I,999.9,0
419220,99999,2019,126,20190126,72.9,24,56.3,24,9999.9,0,9999.9,0,1.9,24,2.1,24,8.0,999.9,82.4,*,64.4,*,0.0,I,999.9,0
419220,99999,2019,127,20190127,74.2,24,56.8,24,9999.9,0,9999.9,0,2.1,24,5.2,24,9.9,999.9,82.4,*,68.0,*,0.0,I,999.9,0
419220,99999,2019,128,20190128,72.4,24,57.1,24,9999.9,0,9999.9,0,2.2,24,7.5,24,11.1,999.9,80.6,*,66.2,*,0.0,I,999.9,0
419220,99999,2019,129,20190129,68.1,24,52.6,24,9999.9,0,9999.9,0,2.2,24,6.9,24,9.9,999.9,77.0,*,59.0,*,0.0,I,999.9,0
419220,99999,2019,130,20190130,66.7,24,51.9,24,9999.9,0,9999.9,0,2.2,24,4.4,24,11.1,999.9,77.0,*,57.2,*,0.0,I,999.9,0
419220,99999,2019,131,20190131,67.0,24,54.9,24,9999.9,0,9999.9,0,1.8,24,2.0,24,6.0,999.9,78.8,*,57.2,*,0.0,I,999.9,0
419220,99999,2019,201,20190201,70.4,24,55.8,24,9999.9,0,9999.9,0,1.8,24,2.4,24,8.0,999.9,82.4,*,60.8,*,0.0,I,999.9,0
419220,99999,2019,202,20190202,71.8,24,54.5,24,9999.9,0,9999.9,0,1.9,24,2.7,24,8.0,999.9,82.4,*,60.8,*,0.0,I,999.9,0
419220,99999,2019,203,20190203,72.5,24,55.1,24,9999.9,0,9999.9,0,1.9,24,4.1,24,8.0,999.9,82.4,*,60.8,*,0.0,I,999.9,0
419220,99999,2019,204,20190204,71.0,24,54.9,24,9999.9,0,9999.9,0,1.9,24,3.6,24,9.9,999.9,82.4,*,60.8,*,0.0,I,999.9,0
419220,99999,2019,205,20190205,70.4,24,53.1,24,9999.9,0,9999.9,0,2.0,23,3.4,24,9.9,999.9,80.6,*,60.8,*,0.0,I,999.9,0
419220,99999,2019,206,20190206,70.1,24,53.6,24,9999.9,0,9999.9,0,1.9,24,2.3,24,8.0,999.9,80.6,*,60.8,*,0.0,I,999.9,0
419220,99999,2019,207,20190207,71.8,24,56.1,24,9999.9,0,9999.9,0,1.8,24,0.8,24,5.1,999.9,80.6,*,62.6,*,0.0,I,999.9,0
419220,99999,2019,208,20190208,73.8,24,55.8,24,9999.9,0,9999.9,0,1.9,24,5.0,24,9.9,999.9,84.2,*,62.6,*,99.99, ,999.9,10000
419220,99999,2019,209,20190209,71.0,24,59.5,24,9999.9,0,9999.9,0,2.2,24,7.0,24,9.9,999.9,78.8,*,64.4,*,99.99, ,999.9,10000
419220,99999,2019,210,20190210,69.8,24,53.5,24,9999.9,0,9999.9,0,2.3,24,5.9,24,12.0,999.9,82.4,*,59.0,*,0.0,I,999.9,0
419220,99999,2019,211,20190211,70.1,24,54.7,24,9999.9,0,9999.9,0,2.0,24,5.6,24,12.0,999.9,82.4,*,59.0,*,0.0,I,999.9,0
419220,99999,2019,212,20190212,71.6,24,57.4,24,9999.9,0,9999.9,0,2.0,24,4.9,24,8.0,999.9,82.4,*,60.8,*,0.0,I,999.9,0
419220,99999,2019,213,20190213,73.0,24,56.4,24,9999.9,0,9999.9,0,2.1,24,5.0,24,9.9,999.9,84.2,*,60.8,*,0.0,I,999.9,0
419220,99999,2019,214,20190214,73.7,24,58.9,24,9999.9,0,9999.9,0,1.9,24,3.1,24,8.9,999.9,86.0,*,62.6,*,0.0,I,999.9,100000
419220,99999,2019,215,20190215,75.3,24,59.7,24,9999.9,0,9999.9,0,1.9,23,4.8,24,8.9,999.9,86.0,*,64.4,*,0.0,I,999.9,0
419220,99999,2019,216,20190216,71.4,24,57.4,24,9999.9,0,9999.9,0,2.0,24,4.8,24,9.9,999.9,78.8,*,64.4,*,99.99, ,999.9,10000
419220,99999,2019,217,20190217,68.3,24,59.3,24,9999.9,0,9999.9,0,2.0,24,2.8,24,8.0,999.9,78.8,*,60.8,*,99.99, ,999.9,10010
419220,99999,2019,218,20190218,71.3,24,56.3,24,9999.9,0,9999.9,0,1.8,24,1.9,24,6.0,999.9,82.4,*,60.8,*,0.0,I,999.9,0
419220,99999,2019,219,20190219,74.9,24,57.9,24,9999.9,0,9999.9,0,1.9,24,5.1,24,9.9,999.9,84.2,*,60.8,*,0.0,I,999.9,0
419220,99999,2019,220,20190220,74.0,24,62.9,24,9999.9,0,9999.9,0,1.8,24,3.1,24,8.0,999.9,86.0,*,64.4,*,0.0,I,999.9,100000
419220,99999,2019,221,20190221,75.7,24,59.0,24,9999.9,0,9999.9,0,1.9,24,2.2,24,7.0,999.9,87.8,*,64.4,*,0.0,I,999.9,0
419220,99999,2019,222,20190222,76.5,24,64.9,24,9999.9,0,9999.9,0,1.6,24,2.8,24,8.0,999.9,86.0,*,64.4,*,0.0,I,999.9,100000
419220,99999,2019,223,20190223,79.0,24,65.4,24,9999.9,0,9999.9,0,1.9,24,4.1,24,9.9,999.9,89.6,*,71.6,*,0.0,I,999.9,0
419220,99999,2019,224,20190224,76.9,24,57.3,24,9999.9,0,9999.9,0,2.1,23,4.2,23,8.0,999.9,86.0,*,69.8,*,99.99, ,999.9,10000
419220,99999,2019,225,20190225,70.9,24,60.7,24,9999.9,0,9999.9,0,2.1,24,7.2,24,13.0,999.9,77.0,*,64.4,*,99.99, ,999.9,10010
419220,99999,2019,226,20190226,69.2,24,62.5,24,9999.9,0,9999.9,0,2.2,24,6.2,24,12.0,999.9,78.8,*,64.4,*,99.99, ,999.9,10010
419220,99999,2019,227,20190227,68.4,24,62.9,24,9999.9,0,9999.9,0,1.9,24,7.1,24,18.1,999.9,78.8,*,64.4,*,99.99, ,999.9,10010
419220,99999,2019,228,20190228,69.4,24,63.7,24,9999.9,0,9999.9,0,2.0,24,2.9,24,15.0,999.9,75.2,*,64.4,*,99.99, ,999.9,10010
419220,99999,2019,301,20190301,70.4,24,54.4,24,9999.9,0,9999.9,0,2.2,24,4.9,24,8.0,999.9,80.6,*,60.8,*,0.0,I,999.9,0
419220,99999,2019,302,20190302,70.8,24,50.8,24,9999.9,0,9999.9,0,2.3,24,4.8,24,9.9,999.9,80.6,*,60.8,*,0.0,I,999.9,0
419220,99999,2019,303,20190303,72.8,24,54.5,24,9999.9,0,9999.9,0,2.3,24,4.8,24,11.1,999.9,82.4,*,62.6,*,0.0,I,999.9,0
419220,99999,2019,304,20190304,72.2,24,62.9,24,9999.9,0,9999.9,0,1.6,24,3.6,24,15.0,999.9,78.8,*,64.4,*,99.99, ,999.9,10000
419220,99999,2019,305,20190305,71.2,24,64.5,24,9999.9,0,9999.9,0,1.8,24,7.4,24,13.0,999.9,84.2,*,66.2,*,99.99, ,999.9,10010
419220,99999,2019,306,20190306,75.3,24,65.2,24,9999.9,0,9999.9,0,1.6,24,3.3,24,8.0,999.9,82.4,*,69.8,*,99.99, ,999.9,10000
419220,99999,2019,307,20190307,76.1,24,59.6,24,9999.9,0,9999.9,0,2.0,24,3.4,24,9.9,999.9,86.0,*,68.0,*,0.0,I,999.9,0
419220,99999,2019,308,20190308,74.9,24,55.5,24,9999.9,0,9999.9,0,2.3,24,4.7,23,15.0,999.9,86.0,*,62.6,*,0.0,I,999.9,0
419220,99999,2019,309,20190309,74.6,24,58.6,24,9999.9,0,9999.9,0,2.1,24,3.7,24,11.1,999.9,86.0,*,62.6,*,0.0,I,999.9,0
419220,99999,2019,310,20190310,77.4,24,64.3,24,9999.9,0,9999.9,0,2.0,24,5.3,24,14.0,999.9,87.8,*,64.4,*,99.99, ,999.9,10000
419220,99999,2019,311,20190311,79.3,24,70.8,24,9999.9,0,9999.9,0,1.9,24,3.6,24,7.0,999.9,87.8,*,71.6,*,0.0,I,999.9,0
419220,99999,2019,312,20190312,81.8,24,67.9,24,9999.9,0,9999.9,0,1.9,24,4.3,24,8.9,999.9,91.4,*,73.4,*,0.0,I,999.9,100000
419220,99999,2019,313,20190313,81.6,19,72.6,19,9999.9,0,9999.9,0,1.9,19,4.0,19,8.0,999.9,91.4,*,75.2,*,0.0,I,999.9,0
419220,99999,2019,314,20190314,82.5,24,70.1,24,9999.9,0,9999.9,0,1.7,24,4.4,24,8.0,999.9,91.4,*,77.0,*,0.0,I,999.9,100000
419220,99999,2019,315,20190315,83.1,24,64.5,24,9999.9,0,9999.9,0,2.1,24,4.7,24,12.0,999.9,89.6,*,73.4,*,0.0,I,999.9,0
419220,99999,2019,316,20190316,82.7,19,63.7,19,9999.9,0,9999.9,0,2.2,19,3.4,19,8.0,999.9,91.4,*,73.4,*,0.0,I,999.9,0
419220,99999,2019,317,20190317,82.6,24,66.6,24,9999.9,0,9999.9,0,2.2,24,4.7,24,13.0,999.9,93.2,*,73.4,*,99.99, ,999.9,10010
419220,99999,2019,318,20190318,77.9,24,64.4,24,9999.9,0,9999.9,0,2.2,24,4.5,24,9.9,999.9,84.2,*,71.6,*,0.0,I,999.9,0
419220,99999,2019,319,20190319,78.0,24,66.8,24,9999.9,0,9999.9,0,2.2,24,4.5,24,8.9,999.9,89.6,*,73.4,*,0.0,I,999.9,10
419220,99999,2019,320,20190320,80.3,24,66.1,24,9999.9,0,9999.9,0,2.2,24,5.8,24,9.9,999.9,91.4,*,73.4,*,0.0,I,999.9,0
419220,99999,2019,321,20190321,83.1,24,68.2,24,9999.9,0,9999.9,0,2.3,24,5.1,24,9.9,999.9,91.4,*,75.2,*,0.0,I,999.9,0
419220,99999,2019,322,20190322,83.1,24,69.4,24,9999.9,0,9999.9,0,2.3,24,6.9,24,12.0,999.9,91.4,*,75.2,*,0.0,I,999.9,0
419220,99999,2019,323,20190323,81.9,24,62.6,24,9999.9,0,9999.9,0,2.3,24,4.3,24,9.9,999.9,91.4,*,71.6,*,0.0,I,999.9,0
419220,99999,2019,324,20190324,82.3,24,64.0,24,9999.9,0,9999.9,0,2.2,24,4.0,24,9.9,999.9,93.2,*,71.6,*,0.0,I,999.9,0
419220,99999,2019,325,20190325,82.8,24,62.8,24,9999.9,0,9999.9,0,2.3,24,3.9,24,8.0,999.9,95.0,*,71.6,*,0.0,I,999.9,0
419220,99999,2019,326,20190326,82.4,24,65.1,24,9999.9,0,9999.9,0,2.1,24,7.0,24,19.0,999.9,95.0,*,71.6,*,99.99, ,999.9,10000
419220,99999,2019,327,20190327,75.5,24,64.7,24,9999.9,0,9999.9,0,2.2,24,3.9,24,12.0,999.9,84.2,*,69.8,*,99.99, ,999.9,10010
419220,99999,2019,328,20190328,81.2,24,64.7,24,9999.9,0,9999.9,0,2.3,24,4.0,24,8.9,999.9,93.2,*,69.8,*,0.0,I,999.9,0
419220,99999,2019,329,20190329,83.7,24,68.8,24,9999.9,0,9999.9,0,2.0,24,4.8,24,8.0,999.9,93.2,*,73.4,*,0.0,I,999.9,0
419220,99999,2019,330,20190330,84.7,24,70.4,24,9999.9,0,9999.9,0,2.2,24,6.3,24,11.1,999.9,91.4,*,75.2,*,0.0,I,999.9,0
419220,99999,2019,331,20190331,79.4,24,69.0,24,9999.9,0,9999.9,0,2.2,24,10.1,24,26.0,999.9,91.4,*,66.2,*,99.99, ,999.9,10010
419220,99999,2019,401,20190401,78.8,24,67.4,24,9999.9,0,9999.9,0,2.4,24,8.4,24,18.1,999.9,86.0,*,66.2,*,99.99, ,999.9,10010
419220,99999,2019,402,20190402,75.6,24,69.4,24,9999.9,0,9999.9,0,2.1,24,7.8,24,15.0,999.9,89.6,*,68.0,*,99.99, ,999.9,10010
419220,99999,2019,403,20190403,78.0,24,68.2,24,9999.9,0,9999.9,0,2.4,24,5.7,24,9.9,999.9,89.6,*,68.0,*,0.0,I,999.9,0
419220,99999,2019,404,20190404,82.9,24,71.8,24,9999.9,0,9999.9,0,2.2,24,6.9,24,12.0,999.9,91.4,*,73.4,*,0.0,I,999.9,0
419220,99999,2019,405,20190405,81.7,24,74.3,24,9999.9,0,9999.9,0,2.1,24,5.7,24,9.9,999.9,84.2,*,77.0,*,99.99, ,999.9,10000
419220,99999,2019,406,20190406,79.8,24,68.8,24,9999.9,0,9999.9,0,1.8,24,6.3,24,29.9,999.9,89.6,*,71.6,*,99.99, ,999.9,10010
419220,99999,2019,407,20190407,78.6,24,65.5,24,9999.9,0,9999.9,0,2.4,24,4.8,24,9.9,999.9,84.2,*,71.6,*,0.0,I,999.9,0
419220,99999,2019,408,20190408,77.2,24,70.0,24,9999.9,0,9999.9,0,1.9,24,8.0,24,29.9,999.9,93.2,*,69.8,*,99.99, ,999.9,10010
419220,99999,2019,409,20190409,73.9,24,66.9,24,9999.9,0,9999.9,0,2.0,24,8.3,24,18.1,999.9,89.6,*,66.2,*,99.99, ,999.9,10010
419220,99999,2019,410,20190410,76.3,24,68.2,24,9999.9,0,9999.9,0,2.2,24,4.4,24,8.9,999.9,82.4,*,68.0,*,0.0,I,999.9,0
419220,99999,2019,411,20190411,81.4,24,73.6,24,9999.9,0,9999.9,0,1.9,24,4.9,24,15.9,999.9,89.6,*,75.2,*,99.99, ,999.9,10010
419220,99999,2019,412,20190412,81.3,24,73.1,24,9999.9,0,9999.9,0,2.3,24,3.6,24,12.0,999.9,91.4,*,75.2,*,99.99, ,999.9,10010
419220,99999,2019,413,20190413,80.3,24,72.7,24,9999.9,0,9999.9,0,1.8,24,5.3,24,15.9,999.9,93.2,*,69.8,*,99.99, ,999.9,10010
419220,99999,2019,414,20190414,83.8,24,70.2,24,9999.9,0,9999.9,0,2.3,24,3.7,24,8.0,999.9,93.2,*,71.6,*,0.0,I,999.9,0
419220,99999,2019,415,20190415,85.9,24,74.2,24,9999.9,0,9999.9,0,2.3,24,6.7,24,9.9,999.9,93.2,*,80.6,*,0.0,I,999.9,0
419220,99999,2019,416,20190416,86.2,24,75.8,24,9999.9,0,9999.9,0,2.3,24,6.3,24,19.0,999.9,93.2,*,75.2,*,99.99, ,999.9,10010
419220,99999,2019,417,20190417,85.1,24,73.5,24,9999.9,0,9999.9,0,2.4,24,5.7,24,12.0,999.9,95.0,*,75.2,*,0.0,I,999.9,0
419220,99999,2019,418,20190418,83.9,24,68.2,24,9999.9,0,9999.9,0,2.1,24,3.8,24,12.0,999.9,91.4,*,77.0,*,0.0,I,999.9,0
419220,99999,2019,419,20190419,86.3,24,68.8,24,9999.9,0,9999.9,0,2.1,24,4.1,24,8.0,999.9,95.0,*,77.0,*,0.0,I,999.9,0
419220,99999,2019,420,20190420,85.8,24,68.6,24,9999.9,0,9999.9,0,2.3,24,4.3,24,9.9,999.9,95.0,*,75.2,*,0.0,I,999.9,0
419220,99999,2019,421,20190421,84.0,24,67.9,24,9999.9,0,9999.9,0,2.3,24,5.7,24,22.0,999.9,95.0,*,75.2,*,99.99, ,999.9,10010
419220,99999,2019,422,20190422,83.8,24,66.8,24,9999.9,0,9999.9,0,2.4,24,4.6,24,8.0,999.9,93.2,*,75.2,*,0.0,I,999.9,0
419220,99999,2019,423,20190423,86.2,24,71.1,24,9999.9,0,9999.9,0,2.4,24,3.5,24,8.0,999.9,95.0,*,77.0,*,0.0,I,999.9,0
419220,99999,2019,424,20190424,87.9,24,70.5,24,9999.9,0,9999.9,0,2.3,24,3.4,24,6.0,999.9,96.8,*,80.6,*,0.0,I,999.9,0
419220,99999,2019,425,20190425,90.6,24,72.5,24,9999.9,0,9999.9,0,2.3,24,3.9,24,8.0,999.9,98.6,*,80.6,*,0.0,I,999.9,0
419220,99999,2019,426,20190426,87.7,24,73.4,24,9999.9,0,9999.9,0,2.4,24,5.7,24,9.9,999.9,96.8,*,80.6,*,0.0,I,999.9,0
419220,99999,2019,427,20190427,87.4,24,76.6,24,9999.9,0,9999.9,0,2.3,24,7.6,24,15.9,999.9,93.2,*,80.6,*,0.0,I,999.9,0
419220,99999,2019,428,20190428,88.8,24,77.9,24,9999.9,0,9999.9,0,2.3,24,9.0,24,13.0,999.9,96.8,*,82.4,*,0.0,I,999.9,0
419220,99999,2019,429,20190429,89.3,24,76.6,24,9999.9,0,9999.9,0,2.3,24,10.8,24,17.1,999.9,96.8,*,82.4,*,0.0,I,999.9,0
419220,99999,2019,430,20190430,88.8,24,75.4,24,9999.9,0,9999.9,0,2.4,24,10.8,24,15.0,999.9,96.8,*,82.4,*,0.0,I,999.9,0
419220,99999,2019,501,20190501,89.4,24,73.8,24,9999.9,0,9999.9,0,2.4,24,10.3,24,15.9,999.9,96.8,*,84.2,*,0.0,I,999.9,0
419220,99999,2019,502,20190502,88.6,24,73.8,24,9999.9,0,9999.9,0,2.4,24,7.8,24,12.0,999.9,95.0,*,84.2,*,0.0,I,999.9,0
419220,99999,2019,503,20190503,81.2,24,75.9,24,9999.9,0,9999.9,0,2.1,24,9.6,24,18.1,999.9,89.6,*,75.2,*,99.99, ,999.9,10010
419220,99999,2019,504,20190504,77.4,24,74.1,24,9999.9,0,9999.9,0,1.8,24,13.6,24,24.1,999.9,82.4,*,75.2,*,99.99, ,999.9,10010
419220,99999,2019,505,20190505,86.0,24,72.9,24,9999.9,0,9999.9,0,2.4,24,6.1,24,12.0,999.9,93.2,*,77.0,*,0.0,I,999.9,0
419220,99999,2019,506,20190506,86.9,24,74.6,24,9999.9,0,9999.9,0,2.4,24,8.5,24,12.0,999.9,95.0,*,80.6,*,0.0,I,999.9,0
419220,99999,2019,507,20190507,87.4,24,74.5,24,9999.9,0,9999.9,0,2.4,24,8.9,24,12.0,999.9,95.0,*,82.4,*,0.0,I,999.9,0
419220,99999,2019,508,20190508,88.0,24,76.6,24,9999.9,0,9999.9,0,2.4,24,8.7,24,13.0,999.9,96.8,*,82.4,*,0.0,I,999.9,0
419220,99999,2019,509,20190509,88.6,24,78.4,24,9999.9,0,9999.9,0,2.5,24,9.8,24,15.0,999.9,95.0,*,82.4,*,0.0,I,999.9,0
419220,99999,2019,510,20190510,89.4,24,79.2,24,9999.9,0,9999.9,0,2.4,24,11.1,24,19.0,999.9,95.0,*,84.2,*,0.0,I,999.9,0
419220,99999,2019,511,20190511,88.8,24,76.7,24,9999.9,0,9999.9,0,2.4,24,9.4,24,14.0,999.9,95.0,*,80.6,*,99.99, ,999.9,10000
419220,99999,2019,512,20190512,88.2,24,74.6,24,9999.9,0,9999.9,0,2.4,24,8.3,24,12.0,999.9,95.0,*,80.6,*,99.99, ,999.9,10000
419220,99999,2019,513,20190513,84.6,24,74.1,24,9999.9,0,9999.9,0,2.2,24,8.4,24,17.1,999.9,96.8,*,73.4,*,99.99, ,999.9,10010
419220,99999,2019,514,20190514,84.7,24,74.7,24,9999.9,0,9999.9,0,2.3,24,5.8,24,12.0,999.9,91.4,*,77.0,*,99.99, ,999.9,10000
419220,99999,2019,515,20190515,87.0,24,75.2,24,9999.9,0,9999.9,0,2.4,24,5.7,23,14.0,999.9,95.0,*,78.8,*,99.99, ,999.9,10010
419220,99999,2019,520,20190520,86.8,24,75.7,24,9999.9,0,9999.9,0,2.4,24,4.5,24,22.0,999.9,95.0,*,80.6,*,0.0,I,999.9,0
419220,99999,2019,521,20190521,88.7,24,74.7,24,9999.9,0,9999.9,0,2.4,24,7.0,24,12.0,999.9,96.8,*,80.6,*,99.99, ,999.9,10000
419220,99999,2019,522,20190522,85.4,23,75.0,23,9999.9,0,9999.9,0,2.2,23,8.0,23,20.0,999.9,95.0,*,73.4,*,99.99, ,999.9,10010
419220,99999,2019,523,20190523,85.2,24,74.5,24,9999.9,0,9999.9,0,2.4,24,6.5,24,13.0,999.9,91.4,*,77.0,*,0.0,I,999.9,0
419220,99999,2019,524,20190524,83.2,24,76.1,24,9999.9,0,9999.9,0,2.2,24,7.2,24,20.0,999.9,93.2,*,71.6,*,99.99, ,999.9,10010
419220,99999,2019,525,20190525,80.3,24,73.9,24,9999.9,0,9999.9,0,2.2,24,8.2,24,14.0,999.9,82.4,*,73.4,*,99.99, ,999.9,10010
419220,99999,2019,526,20190526,87.9,24,76.4,24,9999.9,0,9999.9,0,2.4,24,7.3,24,14.0,999.9,95.0,*,78.8,*,0.0,I,999.9,0
419220,99999,2019,527,20190527,86.3,24,77.4,24,9999.9,0,9999.9,0,2.4,24,7.6,24,14.0,999.9,96.8,*,77.0,*,0.0,I,999.9,0
419220,99999,2019,528,20190528,88.5,24,75.9,24,9999.9,0,9999.9,0,2.4,24,6.8,24,12.0,999.9,96.8,*,78.8,*,0.0,I,999.9,0
419220,99999,2019,529,20190529,88.8,24,77.2,24,9999.9,0,9999.9,0,2.4,24,8.1,24,12.0,999.9,95.0,*,80.6,*,0.0,I,999.9,0
419220,99999,2019,530,20190530,89.0,24,76.4,24,9999.9,0,9999.9,0,2.4,24,8.5,24,15.0,999.9,95.0,*,82.4,*,99.99, ,999.9,10000
419220,99999,2019,531,20190531,85.3,24,72.6,24,9999.9,0,9999.9,0,2.3,24,6.8,24,20.0,999.9,95.0,*,77.0,*,99.99, ,999.9,10010
419220,99999,2019,601,20190601,83.5,24,75.0,24,9999.9,0,9999.9,0,2.2,24,7.7,24,14.0,999.9,89.6,*,73.4,*,99.99, ,999.9,10010
419220,99999,2019,602,20190602,80.4,24,74.1,24,9999.9,0,9999.9,0,1.9,24,7.1,24,18.1,999.9,84.2,*,73.4,*,99.99, ,999.9,10010
419220,99999,2019,603,20190603,82.9,24,75.8,24,9999.9,0,9999.9,0,2.3,24,7.8,24,12.0,999.9,86.0,*,78.8,*,99.99, ,999.9,10000
419220,99999,2019,604,20190604,82.0,24,76.4,24,9999.9,0,9999.9,0,2.2,24,7.9,24,12.0,999.9,86.0,*,78.8,*,99.99, ,999.9,10000
419220,99999,2019,605,20190605,79.1,24,75.3,24,9999.9,0,9999.9,0,2.1,24,5.7,24,9.9,999.9,82.4,*,77.0,*,99.99, ,999.9,10010
419220,99999,2019,606,20190606,84.1,24,77.8,24,9999.9,0,9999.9,0,2.4,24,6.4,24,14.0,999.9,93.2,*,77.0,*,99.99, ,999.9,10000
419220,99999,2019,607,20190607,84.1,24,76.1,24,9999.9,0,9999.9,0,2.4,24,7.6,24,14.0,999.9,89.6,*,78.8,*,0.0,I,999.9,0
419220,99999,2019,608,20190608,85.0,24,77.2,24,9999.9,0,9999.9,0,2.5,24,7.5,24,14.0,999.9,91.4,*,80.6,*,0.0,I,999.9,0
419220,99999,2019,609,20190609,83.2,24,77.4,24,9999.9,0,9999.9,0,2.2,24,6.2,24,9.9,999.9,87.8,*,80.6,*,99.99, ,999.9,10010
419220,99999,2019,610,20190610,87.1,24,76.3,24,9999.9,0,9999.9,0,2.4,24,5.3,24,9.9,999.9,95.0,*,82.4,*,99.99, ,999.9,10000
419220,99999,2019,611,20190611,88.5,24,77.2,24,9999.9,0,9999.9,0,2.4,24,3.9,24,6.0,999.9,95.0,*,82.4,*,0.0,I,999.9,0
419220,99999,2019,612,20190612,90.3,24,78.9,24,9999.9,0,9999.9,0,2.4,24,5.2,24,8.9,999.9,96.8,*,82.4,*,0.0,I,999.9,0
419220,99999,2019,613,20190613,89.4,24,80.8,24,9999.9,0,9999.9,0,2.3,24,4.9,24,8.9,999.9,95.0,*,82.4,*,99.99, ,999.9,10000
419220,99999,2019,614,20190614,86.5,24,79.2,24,9999.9,0,9999.9,0,2.3,24,6.4,24,9.9,999.9,89.6,*,84.2,*,0.0,I,999.9,0
419220,99999,2019,615,20190615,80.5,24,74.7,24,9999.9,0,9999.9,0,2.1,24,7.5,24,18.1,999.9,86.0,*,78.8,*,99.99, ,999.9,10010
419220,99999,2019,616,20190616,86.9,24,77.3,24,9999.9,0,9999.9,0,2.4,24,9.2,24,13.0,999.9,95.0,*,78.8,*,0.0,I,999.9,0
419220,99999,2019,617,20190617,86.0,24,77.5,24,9999.9,0,9999.9,0,2.2,24,8.1,24,15.0,999.9,93.2,*,77.0,*,99.99, ,999.9,10010
419220,99999,2019,618,20190618,88.2,24,77.8,24,9999.9,0,9999.9,0,2.4,24,4.7,24,12.0,999.9,95.0,*,78.8,*,99.99, ,999.9,10010
419220,99999,2019,619,20190619,90.7,24,78.6,24,9999.9,0,9999.9,0,2.5,24,5.2,24,9.9,999.9,98.6,*,82.4,*,0.0,I,999.9,0
419220,99999,2019,620,20190620,86.8,24,78.3,24,9999.9,0,9999.9,0,2.4,24,5.5,24,12.0,999.9,91.4,*,78.8,*,99.99, ,999.9,10010
419220,99999,2019,621,20190621,85.5,24,78.7,24,9999.9,0,9999.9,0,2.4,24,7.7,24,20.0,999.9,91.4,*,82.4,*,99.99, ,999.9,10010
419220,99999,2019,622,20190622,86.0,24,77.6,24,9999.9,0,9999.9,0,2.4,24,6.6,24,12.0,999.9,91.4,*,80.6,*,99.99, ,999.9,10010
419220,99999,2019,623,20190623,89.5,24,77.4,24,9999.9,0,9999.9,0,2.5,24,5.8,24,8.0,999.9,96.8,*,82.4,*,0.0,I,999.9,0
419220,99999,2019,624,20190624,90.0,24,77.0,24,9999.9,0,9999.9,0,2.5,24,7.4,24,12.0,999.9,96.8,*,84.2,*,0.0,I,999.9,0
419220,99999,2019,625,20190625,90.4,24,77.5,24,9999.9,0,9999.9,0,2.4,24,9.5,24,12.0,999.9,96.8,*,84.2,*,0.0,I,999.9,0
419220,99999,2019,626,20190626,88.8,24,78.8,24,9999.9,0,9999.9,0,2.5,24,10.2,24,13.0,999.9,95.0,*,82.4,*,0.0,I,999.9,0
419220,99999,2019,627,20190627,85.2,24,78.4,24,9999.9,0,9999.9,0,2.2,24,8.5,24,18.1,999.9,89.6,*,78.8,*,99.99, ,999.9,10000
419220,99999,2019,628,20190628,82.6,24,77.5,24,9999.9,0,9999.9,0,2.2,24,6.7,24,15.0,999.9,91.4,*,80.6,*,99.99, ,999.9,10010
419220,99999,2019,629,20190629,87.5,24,78.1,24,9999.9,0,9999.9,0,2.3,24,4.8,24,8.9,999.9,93.2,*,80.6,*,0.0,I,999.9,0
419220,99999,2019,630,20190630,86.4,24,79.2,24,9999.9,0,9999.9,0,2.3,24,4.5,24,9.9,999.9,95.0,*,82.4,*,99.99, ,999.9,10010
419220,99999,2019,701,20190701,86.1,24,76.8,24,9999.9,0,9999.9,0,2.4,24,11.3,24,15.9,999.9,93.2,*,78.8,*,99.99, ,999.9,10000
419220,99999,2019,702,20190702,83.3,24,77.2,24,9999.9,0,9999.9,0,2.2,24,11.7,24,19.0,999.9,87.8,*,78.8,*,99.99, ,999.9,10000
419220,99999,2019,703,20190703,85.1,24,77.1,24,9999.9,0,9999.9,0,2.4,24,9.3,24,15.0,999.9,91.4,*,80.6,*,99.99, ,999.9,10000
419220,99999,2019,704,20190704,87.6,24,78.6,24,9999.9,0,9999.9,0,2.3,24,7.5,24,12.0,999.9,95.0,*,82.4,*,99.99, ,999.9,10000
419220,99999,2019,705,20190705,87.3,24,76.6,24,9999.9,0,9999.9,0,2.4,24,9.5,24,15.0,999.9,93.2,*,82.4,*,99.99, ,999.9,10000
419220,99999,2019,706,20190706,83.4,24,78.4,24,9999.9,0,9999.9,0,2.2,24,9.0,24,15.0,999.9,86.0,*,80.6,*,99.99, ,999.9,10000
419220,99999,2019,707,20190707,83.5,24,79.0,24,9999.9,0,9999.9,0,2.2,24,5.7,24,8.0,999.9,87.8,*,80.6,*,99.99, ,999.9,10010
419220,99999,2019,708,20190708,83.9,24,79.4,24,9999.9,0,9999.9,0,2.1,24,8.7,24,15.0,999.9,87.8,*,80.6,*,99.99, ,999.9,10010
419220,99999,2019,709,20190709,85.1,24,79.1,24,9999.9,0,9999.9,0,2.2,24,9.4,24,12.0,999.9,89.6,*,82.4,*,99.99, ,999.9,10000
419220,99999,2019,710,20190710,85.5,24,78.0,24,9999.9,0,9999.9,0,2.4,24,8.5,24,18.1,999.9,89.6,*,82.4,*,99.99, ,999.9,10000
419220,99999,2019,711,20190711,81.7,24,78.0,24,9999.9,0,9999.9,0,1.9,24,6.9,24,14.0,999.9,89.6,*,78.8,*,99.99, ,999.9,10010
419220,99999,2019,712,20190712,81.3,24,77.8,24,9999.9,0,9999.9,0,2.2,24,6.8,24,12.0,999.9,87.8,*,80.6,*,99.99, ,999.9,10010
419220,99999,2019,713,20190713,83.4,24,78.6,24,9999.9,0,9999.9,0,2.1,24,8.7,24,14.0,999.9,93.2,*,77.0,*,99.99, ,999.9,10010
419220,99999,2019,714,20190714,81.0,24,77.1,24,9999.9,0,9999.9,0,2.2,24,7.9,24,12.0,999.9,84.2,*,77.0,*,99.99, ,999.9,10010
419220,99999,2019,715,20190715,80.8,24,76.7,24,9999.9,0,9999.9,0,2.3,24,7.1,24,15.0,999.9,84.2,*,77.0,*,99.99, ,999.9,10010
419220,99999,2019,716,20190716,84.6,24,79.7,24,9999.9,0,9999.9,0,2.2,24,5.0,24,15.0,999.9,93.2,*,80.6,*,99.99, ,999.9,10010
419220,99999,2019,717,20190717,88.7,24,78.6,24,9999.9,0,9999.9,0,2.4,24,4.1,24,8.0,999.9,96.8,*,80.6,*,0.0,I,999.9,0
419220,99999,2019,718,20190718,87.1,24,79.6,24,9999.9,0,9999.9,0,2.1,24,5.5,24,8.9,999.9,93.2,*,84.2,*,99.99, ,999.9,10000
419220,99999,2019,719,20190719,87.3,24,77.0,24,9999.9,0,9999.9,0,2.5,24,6.8,24,12.0,999.9,93.2,*,82.4,*,0.0,I,999.9,0
419220,99999,2019,720,20190720,88.4,24,77.0,24,9999.9,0,9999.9,0,2.4,24,7.0,24,12.0,999.9,95.0,*,82.4,*,0.0,I,999.9,0
419220,99999,2019,721,20190721,88.7,24,79.2,24,9999.9,0,9999.9,0,2.4,24,7.8,24,12.0,999.9,96.8,*,84.2,*,99.99, ,999.9,10000
419220,99999,2019,722,20190722,89.8,24,77.5,24,9999.9,0,9999.9,0,2.4,24,8.9,24,12.0,999.9,95.0,*,84.2,*,0.0,I,999.9,0
419220,99999,2019,723,20190723,88.6,24,75.8,24,9999.9,0,9999.9,0,2.4,24,7.6,24,13.0,999.9,95.0,*,84.2,*,0.0,I,999.9,0
419220,99999,2019,724,20190724,86.8,24,78.9,24,9999.9,0,9999.9,0,2.3,24,4.6,24,13.0,999.9,93.2,*,80.6,*,99.99, ,999.9,10010
419220,99999,2019,725,20190725,85.4,24,78.4,24,9999.9,0,9999.9,0,2.2,24,3.7,24,7.0,999.9,91.4,*,82.4,*,99.99, ,999.9,10010
419220,99999,2019,726,20190726,81.2,24,77.9,24,9999.9,0,9999.9,0,2.1,24,6.6,24,12.0,999.9,82.4,*,78.8,*,99.99, ,999.9,10010
419220,99999,2019,727,20190727,82.9,24,76.8,24,9999.9,0,9999.9,0,2.3,24,7.5,24,12.0,999.9,87.8,*,78.8,*,99.99, ,999.9,10000
419220,99999,2019,728,20190728,85.3,24,75.0,24,9999.9,0,9999.9,0,2.4,24,10.7,24,18.1,999.9,89.6,*,80.6,*,0.0,I,999.9,0
419220,99999,2019,729,20190729,84.4,24,76.6,24,9999.9,0,9999.9,0,2.5,24,10.1,24,18.1,999.9,91.4,*,80.6,*,99.99, ,999.9,10000
419220,99999,2019,730,20190730,83.9,24,76.7,24,9999.9,0,9999.9,0,2.2,24,7.6,24,14.0,999.9,87.8,*,78.8,*,99.99, ,999.9,10000
419220,99999,2019,731,20190731,84.1,24,77.5,24,9999.9,0,9999.9,0,2.3,24,7.5,24,12.0,999.9,89.6,*,82.4,*,99.99, ,999.9,10000
419220,99999,2019,801,20190801,86.1,24,78.0,24,9999.9,0,9999.9,0,2.4,24,7.9,24,12.0,999.9,91.4,*,78.8,*,99.99, ,999.9,10000
419220,99999,2019,802,20190802,86.4,24,77.9,24,9999.9,0,9999.9,0,2.5,24,9.2,24,17.1,999.9,91.4,*,80.6,*,0.0,I,999.9,0
419220,99999,2019,803,20190803,84.9,24,79.0,24,9999.9,0,9999.9,0,2.3,24,6.3,24,11.1,999.9,91.4,*,82.4,*,99.99, ,999.9,10000
419220,99999,2019,804,20190804,87.4,24,77.1,24,9999.9,0,9999.9,0,2.4,24,5.8,24,9.9,999.9,93.2,*,82.4,*,0.0,I,999.9,0
419220,99999,2019,805,20190805,89.3,24,79.3,24,9999.9,0,9999.9,0,2.4,24,5.1,24,9.9,999.9,96.8,*,84.2,*,99.99, ,999.9,10000
419220,99999,2019,806,20190806,88.2,24,77.8,24,9999.9,0,9999.9,0,2.4,24,9.6,24,15.0,999.9,95.0,*,80.6,*,0.0,I,999.9,0
419220,99999,2019,807,20190807,84.8,24,76.1,24,9999.9,0,9999.9,0,2.3,24,15.3,24,24.1,999.9,91.4,*,80.6,*,99.99, ,999.9,10000
419220,99999,2019,808,20190808,81.3,24,78.0,24,9999.9,0,9999.9,0,1.8,22,7.9,22,15.0,999.9,86.0,*,78.8,*,99.99, ,999.9,10010
419220,99999,2019,809,20190809,85.9,24,77.5,24,9999.9,0,9999.9,0,2.4,24,7.1,24,9.9,999.9,93.2,*,80.6,*,0.0,I,999.9,0
419220,99999,2019,810,20190810,88.5,24,78.0,24,9999.9,0,9999.9,0,2.4,24,4.6,24,8.0,999.9,96.8,*,82.4,*,0.0,I,999.9,0
419220,99999,2019,811,20190811,88.5,24,79.5,24,9999.9,0,9999.9,0,2.3,24,4.3,24,20.0,999.9,95.0,*,78.8,*,99.99, ,999.9,10010
419220,99999,2019,812,20190812,87.4,24,77.9,24,9999.9,0,9999.9,0,2.3,24,8.8,24,15.0,999.9,95.0,*,78.8,*,99.99, ,999.9,10000
419220,99999,2019,813,20190813,82.6,24,77.8,24,9999.9,0,9999.9,0,2.2,24,10.8,24,15.9,999.9,87.8,*,78.8,*,99.99, ,999.9,10000
419220,99999,2019,814,20190814,82.5,24,78.0,24,9999.9,0,9999.9,0,2.2,24,7.0,24,12.0,999.9,84.2,*,82.4,*,99.99, ,999.9,10000
419220,99999,2019,815,20190815,83.1,24,78.0,24,9999.9,0,9999.9,0,2.3,24,6.9,24,12.0,999.9,89.6,*,78.8,*,99.99, ,999.9,10010
419220,99999,2019,816,20190816,85.2,24,79.2,24,9999.9,0,9999.9,0,2.2,24,6.0,24,11.1,999.9,91.4,*,80.6,*,99.99, ,999.9,10000
419220,99999,2019,817,20190817,85.7,24,77.9,24,9999.9,0,9999.9,0,2.3,24,7.7,24,12.0,999.9,91.4,*,80.6,*,0.0,I,999.9,0
419220,99999,2019,818,20190818,86.2,24,76.6,24,9999.9,0,9999.9,0,2.5,24,9.8,24,15.9,999.9,91.4,*,82.4,*,99.99, ,999.9,10000
419220,99999,2019,819,20190819,87.4,24,76.0,24,9999.9,0,9999.9,0,2.4,24,7.3,24,11.1,999.9,95.0,*,82.4,*,0.0,I,999.9,0
419220,99999,2019,820,20190820,87.9,24,77.8,24,9999.9,0,9999.9,0,2.5,24,4.8,24,7.0,999.9,93.2,*,82.4,*,0.0,I,999.9,0
419220,99999,2019,821,20190821,89.1,24,77.2,24,9999.9,0,9999.9,0,2.4,24,3.8,24,7.0,999.9,95.0,*,82.4,*,99.99, ,999.9,10000
419220,99999,2019,822,20190822,85.7,24,78.3,24,9999.9,0,9999.9,0,2.3,24,3.4,24,12.0,999.9,95.0,*,80.6,*,99.99, ,999.9,10010
419220,99999,2019,823,20190823,83.7,24,78.2,24,9999.9,0,9999.9,0,2.1,24,6.0,24,12.0,999.9,91.4,*,78.8,*,99.99, ,999.9,10000
419220,99999,2019,824,20190824,83.3,24,76.7,24,9999.9,0,9999.9,0,2.3,24,7.6,24,12.0,999.9,89.6,*,78.8,*,99.99, ,999.9,10000
419220,99999,2019,825,20190825,86.7,24,76.6,24,9999.9,0,9999.9,0,2.4,24,7.4,24,11.1,999.9,93.2,*,80.6,*,0.0,I,999.9,0
419220,99999,2019,826,20190826,87.4,24,76.0,24,9999.9,0,9999.9,0,2.4,24,7.7,24,15.9,999.9,93.2,*,80.6,*,0.0,I,999.9,0
419220,99999,2019,827,20190827,87.7,24,77.6,24,9999.9,0,9999.9,0,2.4,24,8.4,24,13.0,999.9,93.2,*,80.6,*,0.0,I,999.9,0
419220,99999,2019,828,20190828,86.8,24,77.1,24,9999.9,0,9999.9,0,2.4,24,6.1,24,9.9,999.9,89.6,*,82.4,*,0.0,I,999.9,0
419220,99999,2019,829,20190829,89.0,24,75.1,24,9999.9,0,9999.9,0,2.5,24,6.2,24,9.9,999.9,95.0,*,84.2,*,0.0,I,999.9,0
419220,99999,2019,830,20190830,89.0,23,76.8,23,9999.9,0,9999.9,0,2.4,23,3.8,23,8.0,999.9,96.8,*,84.2,*,0.0,I,999.9,0
419220,99999,2019,831,20190831,85.8,24,78.3,24,9999.9,0,9999.9,0,2.4,24,3.9,24,8.9,999.9,91.4,*,82.4,*,99.99, ,999.9,10000
419220,99999,2019,901,20190901,88.5,24,78.1,24,9999.9,0,9999.9,0,2.3,24,5.6,24,17.1,999.9,96.8,*,77.0,*,99.99, ,999.9,10010
419220,99999,2019,902,20190902,85.6,24,76.4,24,9999.9,0,9999.9,0,2.3,24,5.3,24,9.9,999.9,91.4,*,77.0,*,99.99, ,999.9,10000
419220,99999,2019,903,20190903,87.1,24,76.3,24,9999.9,0,9999.9,0,2.4,24,8.6,24,14.0,999.9,93.2,*,80.6,*,0.0,I,999.9,0
419220,99999,2019,904,20190904,86.4,24,76.7,24,9999.9,0,9999.9,0,2.4,24,8.9,24,15.0,999.9,91.4,*,82.4,*,0.0,I,999.9,0
419220,99999,2019,905,20190905,85.8,24,78.0,24,9999.9,0,9999.9,0,2.4,24,9.0,24,15.9,999.9,91.4,*,82.4,*,0.0,I,999.9,0
419220,99999,2019,906,20190906,86.0,24,77.1,24,9999.9,0,9999.9,0,2.4,24,10.7,24,21.0,999.9,91.4,*,80.6,*,0.0,I,999.9,0
419220,99999,2019,907,20190907,84.3,24,78.1,24,9999.9,0,9999.9,0,2.4,24,10.0,24,19.0,999.9,86.0,*,82.4,*,99.99, ,999.9,10000
419220,99999,2019,908,20190908,85.2,24,77.3,24,9999.9,0,9999.9,0,2.4,24,8.4,24,13.0,999.9,89.6,*,80.6,*,99.99, ,999.9,10000
419220,99999,2019,909,20190909,83.1,24,78.2,24,9999.9,0,9999.9,0,2.2,24,6.5,24,9.9,999.9,89.6,*,78.8,*,99.99, ,999.9,10010
419220,99999,2019,910,20190910,85.2,24,78.6,24,9999.9,0,9999.9,0,2.4,24,6.5,24,9.9,999.9,93.2,*,80.6,*,99.99, ,999.9,10000
419220,99999,2019,911,20190911,85.7,24,78.1,24,9999.9,0,9999.9,0,2.3,24,9.6,24,15.0,999.9,91.4,*,80.6,*,99.99, ,999.9,10000
419220,99999,2019,912,20190912,82.4,24,78.3,24,9999.9,0,9999.9,0,2.3,24,9.4,24,15.9,999.9,87.8,*,78.8,*,99.99, ,999.9,10000
419220,99999,2019,913,20190913,81.4,24,77.4,24,9999.9,0,9999.9,0,2.2,24,6.0,24,8.9,999.9,82.4,*,78.8,*,99.99, ,999.9,10010
419220,99999,2019,914,20190914,85.2,24,75.7,24,9999.9,0,9999.9,0,2.4,24,6.2,24,9.9,999.9,93.2,*,80.6,*,0.0,I,999.9,0
419220,99999,2019,915,20190915,86.8,24,76.4,24,9999.9,0,9999.9,0,2.4,24,5.9,24,9.9,999.9,93.2,*,80.6,*,0.0,I,999.9,0
419220,99999,2019,916,20190916,85.3,24,77.2,24,9999.9,0,9999.9,0,2.3,24,5.1,24,12.0,999.9,93.2,*,78.8,*,99.99, ,999.9,10010
419220,99999,2019,917,20190917,86.2,24,78.2,24,9999.9,0,9999.9,0,2.4,24,3.0,24,9.9,999.9,93.2,*,82.4,*,99.99, ,999.9,10000
419220,99999,2019,918,20190918,87.2,23,77.6,23,9999.9,0,9999.9,0,2.4,23,2.9,23,8.0,999.9,95.0,*,82.4,*,0.0,I,999.9,0
419220,99999,2019,919,20190919,88.3,24,76.2,24,9999.9,0,9999.9,0,2.4,24,3.5,24,8.0,999.9,96.8,*,82.4,*,0.0,I,999.9,0
419220,99999,2019,920,20190920,86.8,24,76.6,24,9999.9,0,9999.9,0,2.4,24,3.4,24,12.0,999.9,95.0,*,82.4,*,99.99, ,999.9,10010
419220,99999,2019,921,20190921,85.5,21,77.4,21,9999.9,0,9999.9,0,2.3,21,2.7,21,7.0,999.9,95.0,*,82.4,*,0.0,I,999.9,0
419220,99999,2019,922,20190922,83.4,24,77.1,24,9999.9,0,9999.9,0,2.1,24,3.9,24,15.0,999.9,89.6,*,78.8,*,99.99, ,999.9,10010
419220,99999,2019,923,20190923,83.1,24,76.9,24,9999.9,0,9999.9,0,2.3,24,5.3,24,12.0,999.9,91.4,*,78.8,*,99.99, ,999.9,10000
419220,99999,2019,924,20190924,81.1,24,76.5,24,9999.9,0,9999.9,0,2.3,24,5.7,24,9.9,999.9,89.6,*,78.8,*,99.99, ,999.9,10010
419220,99999,2019,925,20190925,79.6,24,75.3,24,9999.9,0,9999.9,0,2.1,24,4.6,24,9.9,999.9,86.0,*,77.0,*,99.99, ,999.9,10000
419220,99999,2019,926,20190926,82.7,24,74.8,24,9999.9,0,9999.9,0,2.4,24,3.7,24,8.0,999.9,87.8,*,77.0,*,99.99, ,999.9,10000
419220,99999,2019,927,20190927,83.7,24,75.2,24,9999.9,0,9999.9,0,2.4,24,3.3,24,8.9,999.9,89.6,*,78.8,*,99.99, ,999.9,10000
419220,99999,2019,928,20190928,82.0,24,75.7,24,9999.9,0,9999.9,0,2.3,24,2.5,24,8.0,999.9,86.0,*,78.8,*,99.99, ,999.9,10000
419220,99999,2019,929,20190929,81.3,24,75.8,24,9999.9,0,9999.9,0,2.2,24,4.5,24,9.9,999.9,87.8,*,78.8,*,99.99, ,999.9,10010
419220,99999,2019,930,20190930,81.7,24,75.9,24,9999.9,0,9999.9,0,2.4,24,4.6,24,8.0,999.9,86.0,*,78.8,*,0.0,I,999.9,0
419220,99999,2019,1001,20191001,80.6,24,76.2,24,9999.9,0,9999.9,0,2.1,24,5.8,24,12.0,999.9,84.2,*,78.8,*,99.99, ,999.9,10010
419220,99999,2019,1002,20191002,84.2,23,74.9,23,9999.9,0,9999.9,0,2.2,23,4.3,23,9.9,999.9,89.6,*,78.8,*,0.0,I,999.9,0
419220,99999,2019,1003,20191003,83.3,24,74.7,24,9999.9,0,9999.9,0,2.1,24,3.6,24,9.9,999.9,91.4,*,78.8,*,0.0,I,999.9,0
419220,99999,2019,1004,20191004,85.0,24,76.1,24,9999.9,0,9999.9,0,2.3,24,3.6,24,7.0,999.9,93.2,*,80.6,*,0.0,I,999.9,0
419220,99999,2019,1005,20191005,85.2,24,76.8,24,9999.9,0,9999.9,0,2.4,24,4.6,24,9.9,999.9,95.0,*,80.6,*,0.0,I,999.9,0
419220,99999,2019,1006,20191006,84.6,24,76.9,24,9999.9,0,9999.9,0,2.4,24,3.2,24,8.0,999.9,91.4,*,80.6,*,0.0,I,999.9,10
419220,99999,2019,1007,20191007,82.7,24,76.2,24,9999.9,0,9999.9,0,2.3,24,3.1,24,7.0,999.9,89.6,*,78.8,*,99.99, ,999.9,10010
419220,99999,2019,1008,20191008,83.5,24,75.4,24,9999.9,0,9999.9,0,2.4,24,4.5,24,12.0,999.9,89.6,*,78.8,*,0.0,I,999.9,0
419220,99999,2019,1009,20191009,82.1,24,74.7,24,9999.9,0,9999.9,0,2.3,24,5.5,24,9.9,999.9,91.4,*,77.0,*,99.99, ,999.9,10000
419220,99999,2019,1010,20191010,79.2,24,74.7,24,9999.9,0,9999.9,0,2.4,24,4.3,24,8.0,999.9,84.2,*,77.0,*,99.99, ,999.9,10000
419220,99999,2019,1011,20191011,83.8,24,73.3,24,9999.9,0,9999.9,0,2.4,24,2.8,24,6.0,999.9,91.4,*,77.0,*,0.0,I,999.9,0
419220,99999,2019,1012,20191012,85.2,24,74.0,24,9999.9,0,9999.9,0,2.3,24,2.3,24,7.0,999.9,91.4,*,78.8,*,0.0,I,999.9,0
419220,99999,2019,1013,20191013,84.4,24,72.9,24,9999.9,0,9999.9,0,2.4,24,4.6,24,8.0,999.9,91.4,*,78.8,*,0.0,I,999.9,0
419220,99999,2019,1014,20191014,83.8,24,72.3,24,9999.9,0,9999.9,0,2.3,24,3.8,24,8.0,999.9,91.4,*,78.8,*,0.0,I,999.9,0
419220,99999,2019,1015,20191015,85.5,24,74.5,24,9999.9,0,9999.9,0,2.3,24,2.7,24,8.0,999.9,91.4,*,78.8,*,0.0,I,999.9,0
419220,99999,2019,1016,20191016,82.0,24,74.7,24,9999.9,0,9999.9,0,2.2,24,3.1,24,13.0,999.9,89.6,*,77.0,*,99.99, ,999.9,10000
419220,99999,2019,1017,20191017,85.5,24,73.8,24,9999.9,0,9999.9,0,2.3,24,1.8,24,7.0,999.9,93.2,*,78.8,*,0.0,I,999.9,0
419220,99999,2019,1018,20191018,86.1,24,74.4,24,9999.9,0,9999.9,0,2.3,24,3.2,24,8.0,999.9,95.0,*,80.6,*,0.0,I,999.9,0
419220,99999,2019,1019,20191019,85.9,24,74.0,24,9999.9,0,9999.9,0,2.4,24,3.5,24,7.0,999.9,93.2,*,80.6,*,0.0,I,999.9,0
419220,99999,2019,1020,20191020,86.1,24,71.7,24,9999.9,0,9999.9,0,2.3,24,4.4,24,8.0,999.9,93.2,*,78.8,*,0.0,I,999.9,0
419220,99999,2019,1021,20191021,84.6,24,72.6,24,9999.9,0,9999.9,0,2.3,24,4.3,24,8.0,999.9,91.4,*,78.8,*,99.99, ,999.9,10000
419220,99999,2019,1022,20191022,84.2,24,75.1,24,9999.9,0,9999.9,0,2.0,24,2.1,24,5.1,999.9,91.4,*,78.8,*,99.99, ,999.9,10000
419220,99999,2019,1023,20191023,81.5,24,76.2,24,9999.9,0,9999.9,0,1.4,24,3.8,24,9.9,999.9,87.8,*,75.2,*,99.99, ,999.9,10010
419220,99999,2019,1024,20191024,72.9,24,69.6,24,9999.9,0,9999.9,0,1.7,24,6.7,24,11.1,999.9,77.0,*,71.6,*,99.99, ,999.9,10000
419220,99999,2019,1025,20191025,76.0,24,71.4,24,9999.9,0,9999.9,0,2.2,24,6.6,23,11.1,999.9,78.8,*,71.6,*,99.99, ,999.9,10000
419220,99999,2019,1026,20191026,76.9,24,72.2,24,9999.9,0,9999.9,0,2.1,24,4.5,24,8.0,999.9,80.6,*,73.4,*,99.99, ,999.9,10000
419220,99999,2019,1027,20191027,78.1,24,69.8,24,9999.9,0,9999.9,0,2.2,24,3.7,24,9.9,999.9,84.2,*,73.4,*,0.0,I,999.9,0
419220,99999,2019,1028,20191028,78.4,24,67.0,24,9999.9,0,9999.9,0,2.4,24,4.8,24,8.9,999.9,86.0,*,73.4,*,0.0,I,999.9,0
419220,99999,2019,1029,20191029,79.7,24,69.3,24,9999.9,0,9999.9,0,2.3,24,3.5,24,7.0,999.9,87.8,*,73.4,*,0.0,I,999.9,0
419220,99999,2019,1030,20191030,80.8,24,68.6,24,9999.9,0,9999.9,0,2.3,24,3.0,24,8.0,999.9,89.6,*,73.4,*,0.0,I,999.9,0
419220,99999,2019,1031,20191031,81.3,24,69.7,24,9999.9,0,9999.9,0,2.3,24,4.3,24,9.9,999.9,89.6,*,73.4,*,0.0,I,999.9,0
419220,99999,2019,1101,20191101,81.8,24,70.9,24,9999.9,0,9999.9,0,2.2,24,2.8,24,7.0,999.9,91.4,*,75.2,*,0.0,I,999.9,0
419220,99999,2019,1102,20191102,81.3,24,68.5,24,9999.9,0,9999.9,0,2.2,24,2.9,24,7.0,999.9,91.4,*,75.2,*,0.0,I,999.9,0
419220,99999,2019,1103,20191103,80.1,24,70.2,24,9999.9,0,9999.9,0,2.0,24,1.7,24,6.0,999.9,89.6,*,73.4,*,0.0,I,999.9,0
419220,99999,2019,1104,20191104,81.4,24,69.0,24,9999.9,0,9999.9,0,2.1,24,2.5,24,9.9,999.9,89.6,*,73.4,*,0.0,I,999.9,0
419220,99999,2019,1105,20191105,81.2,24,71.2,24,9999.9,0,9999.9,0,2.1,24,1.0,24,6.0,999.9,87.8,*,75.2,*,0.0,I,999.9,0
419220,99999,2019,1106,20191106,79.4,24,70.1,24,9999.9,0,9999.9,0,1.8,24,3.1,24,8.0,999.9,87.8,*,71.6,*,0.0,I,999.9,0
419220,99999,2019,1107,20191107,80.5,20,68.4,20,9999.9,0,9999.9,0,2.1,20,3.5,20,7.0,999.9,87.8,*,71.6,*,0.0,I,999.9,0
419220,99999,2019,1108,20191108,77.4,24,71.2,24,9999.9,0,9999.9,0,2.0,24,3.0,24,8.0,999.9,82.4,*,73.4,*,99.99, ,999.9,10000
419220,99999,2019,1109,20191109,75.5,24,72.5,24,9999.9,0,9999.9,0,2.2,24,8.1,24,12.0,999.9,78.8,*,73.4,*,99.99, ,999.9,10000
419220,99999,2019,1110,20191110,75.3,24,69.8,24,9999.9,0,9999.9,0,2.1,24,9.3,24,20.0,999.9,77.0,*,73.4,*,99.99, ,999.9,10000
419220,99999,2019,1111,20191111,78.9,24,70.5,24,9999.9,0,9999.9,0,2.2,24,3.2,24,8.9,999.9,87.8,*,71.6,*,0.0,I,999.9,0
419220,99999,2019,1112,20191112,79.1,24,68.4,24,9999.9,0,9999.9,0,2.1,24,2.3,24,8.0,999.9,87.8,*,71.6,*,0.0,I,999.9,0
419220,99999,2019,1113,20191113,80.2,24,69.4,24,9999.9,0,9999.9,0,2.0,24,2.3,24,6.0,999.9,89.6,*,73.4,*,0.0,I,999.9,0
419220,99999,2019,1114,20191114,80.6,24,69.1,24,9999.9,0,9999.9,0,2.0,24,1.9,24,6.0,999.9,89.6,*,71.6,*,0.0,I,999.9,0
419220,99999,2019,1115,20191115,80.1,24,66.8,24,9999.9,0,9999.9,0,2.1,24,1.8,24,7.0,999.9,91.4,*,71.6,*,0.0,I,999.9,0
419220,99999,2019,1116,20191116,79.1,24,67.3,24,9999.9,0,9999.9,0,2.1,24,1.7,24,8.9,999.9,87.8,*,71.6,*,0.0,I,999.9,0
419220,99999,2019,1117,20191117,78.3,24,67.3,24,9999.9,0,9999.9,0,2.0,24,2.2,24,8.0,999.9,87.8,*,69.8,*,0.0,I,999.9,0
419220,99999,2019,1118,20191118,77.2,24,67.1,24,9999.9,0,9999.9,0,2.1,24,1.8,24,6.0,999.9,86.0,*,69.8,*,0.0,I,999.9,0
419220,99999,2019,1119,20191119,76.6,24,67.0,24,9999.9,0,9999.9,0,1.4,24,2.1,24,5.1,999.9,84.2,*,69.8,*,0.0,I,999.9,0
419220,99999,2019,1120,20191120,75.8,24,60.3,24,9999.9,0,9999.9,0,2.1,24,2.5,24,8.0,999.9,86.0,*,68.0,*,0.0,I,999.9,0
419220,99999,2019,1121,20191121,75.8,24,64.9,24,9999.9,0,9999.9,0,1.9,24,1.7,24,6.0,999.9,86.0,*,68.0,*,0.0,I,999.9,0
419220,99999,2019,1122,20191122,75.6,24,65.0,24,9999.9,0,9999.9,0,2.0,24,1.3,24,6.0,999.9,84.2,*,68.0,*,0.0,I,999.9,0
419220,99999,2019,1123,20191123,75.7,23,66.2,23,9999.9,0,9999.9,0,1.9,23,2.2,23,8.0,999.9,86.0,*,68.0,*,0.0,I,999.9,0
419220,99999,2019,1124,20191124,76.2,24,66.5,24,9999.9,0,9999.9,0,1.7,24,1.5,24,6.0,999.9,84.2,*,68.0,*,0.0,I,999.9,0
419220,99999,2019,1125,20191125,76.4,24,65.8,24,9999.9,0,9999.9,0,2.0,24,1.0,24,6.0,999.9,82.4,*,69.8,*,0.0,I,999.9,0
419220,99999,2019,1126,20191126,75.5,22,67.0,22,9999.9,0,9999.9,0,2.0,21,1.8,22,7.0,999.9,86.0,*,69.8,*,0.0,I,999.9,0
419220,99999,2019,1127,20191127,76.0,24,64.7,24,9999.9,0,9999.9,0,2.2,23,2.3,24,6.0,999.9,86.0,*,68.0,*,0.0,I,999.9,0
419220,99999,2019,1128,20191128,76.5,24,65.6,24,9999.9,0,9999.9,0,2.2,24,2.1,24,5.1,999.9,87.8,*,68.0,*,0.0,I,999.9,0
419220,99999,2019,1129,20191129,76.4,24,66.1,24,9999.9,0,9999.9,0,2.0,24,1.1,24,6.0,999.9,86.0,*,68.0,*,0.0,I,999.9,0
419220,99999,2019,1130,20191130,75.7,24,64.1,24,9999.9,0,9999.9,0,2.0,24,1.7,24,8.0,999.9,87.8,*,68.0,*,0.0,I,999.9,0
419220,99999,2019,1201,20191201,75.5,24,62.7,24,9999.9,0,9999.9,0,1.9,24,2.9,24,8.9,999.9,86.0,*,66.2,*,0.0,I,999.9,0
419220,99999,2019,1202,20191202,72.9,24,61.3,24,9999.9,0,9999.9,0,2.0,24,2.9,24,7.0,999.9,84.2,*,64.4,*,0.0,I,999.9,0
419220,99999,2019,1203,20191203,72.0,24,61.8,24,9999.9,0,9999.9,0,1.8,24,2.2,24,6.0,999.9,80.6,*,62.6,*,0.0,I,999.9,0
419220,99999,2019,1204,20191204,71.0,24,58.5,24,9999.9,0,9999.9,0,1.9,24,3.0,24,7.0,999.9,80.6,*,62.6,*,0.0,I,999.9,0
419220,99999,2019,1205,20191205,74.2,24,61.4,24,9999.9,0,9999.9,0,2.1,24,4.8,24,9.9,999.9,86.0,*,62.6,*,0.0,I,999.9,0
419220,99999,2019,1206,20191206,74.6,24,59.8,24,9999.9,0,9999.9,0,2.1,24,3.7,24,8.0,999.9,86.0,*,66.2,*,0.0,I,999.9,0
419220,99999,2019,1207,20191207,75.0,24,60.3,24,9999.9,0,9999.9,0,2.2,24,3.1,24,8.0,999.9,86.0,*,64.4,*,0.0,I,999.9,0
419220,99999,2019,1208,20191208,74.0,24,59.7,24,9999.9,0,9999.9,0,2.1,24,2.0,24,6.0,999.9,84.2,*,66.2,*,0.0,I,999.9,0
419220,99999,2019,1209,20191209,72.5,24,60.8,24,9999.9,0,9999.9,0,1.9,24,1.5,24,6.0,999.9,82.4,*,64.4,*,0.0,I,999.9,0
419220,99999,2019,1210,20191210,71.7,24,58.5,24,9999.9,0,9999.9,0,2.0,24,2.6,24,8.0,999.9,82.4,*,64.4,*,0.0,I,999.9,0
419220,99999,2019,1211,20191211,70.8,24,59.6,24,9999.9,0,9999.9,0,1.9,24,1.7,24,8.0,999.9,80.6,*,62.6,*,0.0,I,999.9,0
419220,99999,2019,1212,20191212,70.6,24,59.5,24,9999.9,0,9999.9,0,1.7,24,1.6,24,6.0,999.9,80.6,*,62.6,*,0.0,I,999.9,0
419220,99999,2019,1213,20191213,70.3,24,58.6,24,9999.9,0,9999.9,0,1.7,24,0.9,24,5.1,999.9,80.6,*,60.8,*,0.0,I,999.9,100000
419220,99999,2019,1214,20191214,70.8,24,59.0,24,9999.9,0,9999.9,0,1.9,24,2.1,24,8.0,999.9,82.4,*,62.6,*,0.0,I,999.9,0
419220,99999,2019,1215,20191215,72.3,24,60.6,24,9999.9,0,9999.9,0,1.8,24,3.7,24,8.0,999.9,82.4,*,62.6,*,0.0,I,999.9,0
419220,99999,2019,1216,20191216,71.8,24,60.4,24,9999.9,0,9999.9,0,1.9,24,3.3,24,8.0,999.9,82.4,*,64.4,*,0.0,I,999.9,0
419220,99999,2019,1217,20191217,70.6,24,61.4,24,9999.9,0,9999.9,0,1.6,24,3.9,24,8.0,999.9,78.8,*,60.8,*,0.0,I,999.9,0
419220,99999,2019,1218,20191218,63.2,24,57.8,24,9999.9,0,9999.9,0,1.2,24,7.1,24,9.9,999.9,68.0,*,57.2,*,0.0,I,999.9,0
419220,99999,2019,1219,20191219,59.8,24,56.4,24,9999.9,0,9999.9,0,0.8,24,3.7,24,6.0,999.9,62.6,*,55.4,*,0.0,I,999.9,100000
419220,99999,2019,1220,20191220,59.8,24,55.6,24,9999.9,0,9999.9,0,0.9,24,2.6,24,6.0,999.9,66.2,*,53.6,*,0.0,I,999.9,100000
419220,99999,2019,1221,20191221,58.7,24,54.1,24,9999.9,0,9999.9,0,0.8,24,2.8,24,6.0,999.9,62.6,*,53.6,*,0.0,I,999.9,100000
419220,99999,2019,1222,20191222,59.8,24,54.2,24,9999.9,0,9999.9,0,1.1,24,3.3,24,7.0,999.9,64.4,*,55.4,*,0.0,I,999.9,0
419220,99999,2019,1223,20191223,63.9,24,56.3,24,9999.9,0,9999.9,0,1.7,24,3.0,24,7.0,999.9,71.6,*,55.4,*,0.0,I,999.9,100000
419220,99999,2019,1224,20191224,61.2,24,56.4,24,9999.9,0,9999.9,0,0.6,24,3.3,24,7.0,999.9,71.6,*,55.4,*,0.0,I,999.9,100000
419220,99999,2019,1225,20191225,62.2,24,57.3,24,9999.9,0,9999.9,0,0.7,24,1.8,24,5.1,999.9,71.6,*,57.2,*,0.0,I,999.9,100000
419220,99999,2019,1226,20191226,63.7,24,57.9,24,9999.9,0,9999.9,0,0.8,24,2.3,24,9.9,999.9,69.8,*,57.2,*,99.99, ,999.9,110000
419220,99999,2019,1227,20191227,62.1,24,57.4,24,9999.9,0,9999.9,0,1.0,24,4.6,24,9.9,999.9,68.0,*,57.2,*,0.0,I,999.9,100000
419220,99999,2019,1228,20191228,61.6,24,56.3,24,9999.9,0,9999.9,0,1.0,24,4.9,24,8.9,999.9,71.6,*,55.4,*,0.0,I,999.9,0
419220,99999,2019,1229,20191229,64.8,24,54.3,24,9999.9,0,9999.9,0,1.5,24,3.9,24,8.0,999.9,78.8,*,55.4,*,0.0,I,999.9,100000
419220,99999,2019,1230,20191230,66.0,24,55.2,24,9999.9,0,9999.9,0,1.6,24,2.8,24,6.0,999.9,78.8,*,55.4,*,0.0,I,999.9,0
419220,99999,2019,1231,20191231,69.1,24,58.8,24,9999.9,0,9999.9,0,1.7,24,2.4,24,8.0,999.9,80.6,*,55.4,*,0.0,I,999.9,0
